Date,Open,High,Low,Close,Adj Close,Volume,Ticker
2023-11-24,95.30000305175781,95.9800033569336,95.12090301513672,95.94999694824219,95.94999694824219,1059854,MMM
2023-11-24,75.77999877929688,76.32499694824219,75.69000244140625,76.01000213623047,76.01000213623047,238249,AOS
2023-11-24,102.68000030517578,103.18000030517578,102.19000244140625,102.87000274658203,102.87000274658203,2166784,ABT
2023-11-24,140.0,140.0800018310547,138.4600067138672,138.6699981689453,138.6699981689453,1636535,ABBV
2023-11-24,333.1499938964844,334.90179443359375,332.0899963378906,334.0400085449219,334.0400085449219,708478,ACN
2023-11-24,74.4800033569336,75.33000183105469,74.12000274658203,74.30000305175781,74.30000305175781,1171471,ADM
2023-11-24,616.260009765625,619.4400024414062,613.5999755859375,619.4299926757812,619.4299926757812,942673,ADBE
2023-11-24,231.52000427246094,231.97999572753906,229.10000610351562,230.66000366210938,230.66000366210938,659835,ADP
2023-11-24,16.8700008392334,17.079999923706055,16.864999771118164,16.93000030517578,16.93000030517578,2055826,AES
2023-11-24,82.6500015258789,83.43000030517578,82.61000061035156,82.94000244140625,82.94000244140625,895077,AFL
2023-11-24,123.91999816894531,126.7699966430664,123.4800033569336,126.62000274658203,126.62000274658203,1226728,A
2023-11-24,129.0500030517578,129.58990478515625,127.77999877929688,128.3699951171875,128.3699951171875,2058920,ABNB
2023-11-24,275.0799865722656,276.6499938964844,274.5,274.5,274.5,399847,APD
2023-11-24,113.5,113.83999633789062,112.93499755859375,113.6500015258789,113.6500015258789,435621,AKAM
2023-11-24,37.060001373291016,37.29999923706055,36.81999969482422,37.20000076293945,37.20000076293945,568452,ALK
2023-11-24,125.23999786376953,130.27499389648438,125.19999694824219,128.8699951171875,128.8699951171875,1429527,ALB
2023-11-24,104.2699966430664,105.4000015258789,103.43000030517578,105.18000030517578,105.18000030517578,312859,ARE
2023-11-24,218.11000061035156,220.9499969482422,217.7899932861328,219.47999572753906,219.47999572753906,487288,ALGN
2023-11-24,104.91000366210938,105.19000244140625,104.38999938964844,105.04000091552734,105.04000091552734,196393,ALLE
2023-11-24,49.619998931884766,49.7599983215332,49.29999923706055,49.75,49.75,692798,LNT
2023-11-24,136.1999969482422,136.96499633789062,135.86000061035156,136.61000061035156,136.61000061035156,443213,ALL
2023-11-24,138.02999877929688,138.1199951171875,135.99000549316406,136.69000244140625,136.69000244140625,12514322,GOOGL
2023-11-24,139.5399932861328,139.677001953125,137.47000122070312,138.22000122070312,138.22000122070312,8828640,GOOG
2023-11-24,41.310001373291016,41.47990036010742,41.279998779296875,41.470001220703125,41.470001220703125,3153711,MO
2023-11-24,146.6999969482422,147.1999969482422,145.3300018310547,146.74000549316406,146.74000549316406,22378379,AMZN
2023-11-24,9.3100004196167,9.359999656677246,9.279999732971191,9.359999656677246,9.359999656677246,2565957,AMCR
2023-11-24,122.02999877929688,123.25,121.54000091552734,122.30999755859375,122.30999755859375,19001007,AMD
2023-11-24,76.91000366210938,77.36000061035156,76.55000305175781,77.16999816894531,77.16999816894531,646314,AEE
2023-11-24,12.390000343322754,12.479999542236328,12.25,12.3100004196167,12.3100004196167,14803753,AAL
2023-11-24,78.44999694824219,78.5,77.83049774169922,78.5,78.5,1140200,AEP
2023-11-24,164.55999755859375,165.2050018310547,163.97000122070312,164.4199981689453,164.4199981689453,950727,AXP
2023-11-24,65.0999984741211,65.70999908447266,65.0199966430664,65.20999908447266,65.20999908447266,1457686,AIG
2023-11-24,197.99000549316406,199.32000732421875,196.41000366210938,199.32000732421875,199.32000732421875,614123,AMT
2023-11-24,130.35000610351562,132.05999755859375,130.08999633789062,132.05999755859375,132.05999755859375,595681,AWK
2023-11-24,351.0899963378906,353.4800109863281,348.6199951171875,351.4200134277344,351.4200134277344,211290,AMP
2023-11-24,156.07000732421875,156.38999938964844,155.52999877929688,156.17999267578125,156.17999267578125,248528,AME
2023-11-24,265.1199951171875,266.1000061035156,264.8901062011719,265.4599914550781,265.4599914550781,930804,AMGN
2023-11-24,90.06999969482422,90.36000061035156,89.87000274658203,90.36000061035156,90.36000061035156,890240,APH
2023-11-24,182.8000030517578,183.38999938964844,182.2050018310547,183.0500030517578,183.0500030517578,1127071,ADI
2023-11-24,296.8699951171875,298.1400146484375,293.7200012207031,297.8999938964844,297.8999938964844,162887,ANSS
2023-11-24,329.79998779296875,331.3699951171875,328.2200012207031,330.0199890136719,330.0199890136719,250466,AON
2023-11-24,36.470001220703125,37.06999969482422,36.470001220703125,36.880001068115234,36.880001068115234,1600378,APA
2023-11-24,190.8699951171875,190.89999389648438,189.25,189.97000122070312,189.97000122070312,24048344,AAPL
2023-11-24,149.3300018310547,150.66000366210938,149.3282012939453,150.33999633789062,150.33999633789062,1992027,AMAT
2023-11-24,82.01000213623047,83.48999786376953,82.26000213623047,83.11000061035156,83.11000061035156,1170676,APTV
2023-11-24,85.91999816894531,87.1449966430664,85.91999816894531,86.5999984741211,86.5999984741211,741453,ACGL
2023-11-24,216.89999389648438,218.49000549316406,216.16000366210938,218.38999938964844,218.38999938964844,763270,ANET
2023-11-24,251.77999877929688,252.92999267578125,251.08999633789062,252.9199981689453,252.9199981689453,352758,AJG
2023-11-24,164.55999755859375,165.8000030517578,163.5399932861328,165.8000030517578,165.8000030517578,158765,AIZ
2023-11-24,16.209999084472656,16.31999969482422,16.190000534057617,16.209999084472656,16.209999084472656,12431028,T
2023-11-24,112.30999755859375,112.36990356445312,111.33000183105469,112.0,112.0,732396,ATO
2023-11-24,202.66000366210938,203.57000732421875,201.23049926757812,203.4199981689453,203.4199981689453,912476,ADSK
2023-11-24,2670.0400390625,2689.6298828125,2666.840087890625,2688.0,2688.0,37502,AZO
2023-11-24,172.3000030517578,173.3699951171875,171.52999877929688,173.3699951171875,173.3699951171875,414797,AVB
2023-11-24,190.39999389648438,190.17359924316406,188.8249969482422,189.74000549316406,189.74000549316406,132018,AVY
2023-11-24,227.13999938964844,228.72000122070312,227.13999938964844,228.4199981689453,228.4199981689453,101568,AXON
2023-11-24,33.59000015258789,34.15999984741211,33.59000015258789,33.88999938964844,33.88999938964844,2408165,BKR
2023-11-24,53.75,54.650001525878906,53.599998474121094,54.279998779296875,54.279998779296875,573858,BALL
2023-11-24,29.479999542236328,29.889999389648438,29.479999542236328,29.729999542236328,29.729999542236328,15815605,BAC
2023-11-24,29.709999084472656,30.190000534057617,29.68000030517578,30.030000686645508,30.030000686645508,1496467,BBWI
2023-11-24,35.81999969482422,36.2400016784668,35.86000061035156,36.02000045776367,36.02000045776367,1289385,BAX
2023-11-24,236.64999389648438,238.88999938964844,236.4105987548828,238.88999938964844,238.88999938964844,780792,BDX
2023-11-24,70.88999938964844,72.20999908447266,70.88999938964844,71.83000183105469,71.83000183105469,476807,WRB
2023-11-24,68.38999938964844,69.69000244140625,67.80000305175781,69.51000213623047,69.51000213623047,1701461,BBY
2023-11-24,308.7300109863281,312.57501220703125,307.9621887207031,311.19000244140625,311.19000244140625,65002,BIO
2023-11-24,63.16999816894531,64.37999725341797,63.060001373291016,64.01000213623047,64.01000213623047,414068,TECH
2023-11-24,231.25,232.47000122070312,229.3699951171875,231.9499969482422,231.9499969482422,396390,BIIB
2023-11-24,726.719970703125,730.669921875,726.6400146484375,730.0999755859375,730.0999755859375,279619,BLK
2023-11-24,106.69999694824219,107.44999694824219,106.04499816894531,107.0,107.0,975180,BX
2023-11-24,47.25,47.470001220703125,47.040000915527344,47.349998474121094,47.349998474121094,1552192,BK
2023-11-24,220.61000061035156,221.5800018310547,218.9600067138672,220.0,220.0,2312134,BA
2023-11-24,3137.169921875,3137.169921875,3107.199951171875,3115.590087890625,3115.590087890625,117019,BKNG
2023-11-24,34.77000045776367,34.869998931884766,34.314998626708984,34.34000015258789,34.34000015258789,898999,BWA
2023-11-24,53.88999938964844,54.189998626708984,53.369998931884766,53.709999084472656,53.709999084472656,520560,BXP
2023-11-24,55.5,55.68000030517578,55.20000076293945,55.630001068115234,55.630001068115234,2476836,BSX
2023-11-24,49.75,49.90999984741211,49.470001220703125,49.7599983215332,49.7599983215332,5085728,BMY
2023-11-24,974.9600219726562,979.47998046875,966.77001953125,978.8699951171875,978.8699951171875,2315789,AVGO
2023-11-24,186.97000122070312,187.9600067138672,185.3000030517578,186.58999633789062,186.58999633789062,162713,BR
2023-11-24,74.61000061035156,74.92900085449219,74.26000213623047,74.52999877929688,74.52999877929688,295796,BRO
2023-11-24,109.80000305175781,109.88999938964844,107.83499908447266,108.01000213623047,108.01000213623047,366977,BG
2023-11-24,82.73999786376953,82.73999786376953,81.8550033569336,82.51000213623047,82.51000213623047,405675,CHRW
2023-11-24,269.1099853515625,270.6099853515625,266.0,270.6099853515625,270.6099853515625,563746,CDNS
2023-11-24,46.220001220703125,46.34000015258789,45.790000915527344,46.060001373291016,46.060001373291016,650622,CZR
2023-11-24,88.0,88.75,87.97000122070312,88.7300033569336,88.7300033569336,186081,CPT
2023-11-24,40.959999084472656,41.224998474121094,40.994998931884766,41.150001525878906,41.150001525878906,711120,CPB
2023-11-24,107.08000183105469,107.36000061035156,106.2300033569336,106.56999969482422,106.56999969482422,524055,COF
2023-11-24,105.8499984741211,106.41500091552734,105.69999694824219,106.2699966430664,106.2699966430664,531464,CAH
2023-11-24,64.0,64.32890319824219,63.345001220703125,64.16000366210938,64.16000366210938,490655,KMX
2023-11-24,14.270000457763672,14.460000038146973,14.119999885559082,14.40999984741211,14.40999984741211,8927286,CCL
2023-11-24,52.599998474121094,53.02000045776367,52.540000915527344,52.97999954223633,52.97999954223633,710796,CARR
2023-11-24,39.400001525878906,40.220001220703125,39.44499969482422,39.9900016784668,39.9900016784668,677234,CTLT
2023-11-24,246.75,248.80999755859375,246.6999969482422,247.36000061035156,247.36000061035156,982235,CAT
2023-11-24,179.69000244140625,180.6999969482422,179.3000030517578,180.05999755859375,180.05999755859375,210451,CBOE
2023-11-24,78.27999877929688,79.0199966430664,77.97000122070312,79.01000213623047,79.01000213623047,337030,CBRE
2023-11-24,217.75999450683594,217.75999450683594,214.89999389648438,216.69000244140625,216.69000244140625,246083,CDW
2023-11-24,131.97999572753906,133.27000427246094,131.27499389648438,132.94000244140625,132.94000244140625,321031,CE
2023-11-24,201.1699981689453,201.47999572753906,199.47999572753906,201.3000030517578,201.3000030517578,552900,COR
2023-11-24,74.22000122070312,74.58000183105469,73.98500061035156,74.36000061035156,74.36000061035156,640918,CNC
2023-11-24,27.850000381469727,27.93000030517578,27.68000030517578,27.93000030517578,27.93000030517578,1260843,CNP
2023-11-24,67.80999755859375,67.69499969482422,67.0199966430664,67.22000122070312,67.22000122070312,606359,CDAY
2023-11-24,75.2699966430664,79.13999938964844,76.26000213623047,78.36000061035156,78.36000061035156,2034207,CF
2023-11-24,194.82000732421875,196.91000366210938,194.33999633789062,196.91000366210938,196.91000366210938,142629,CRL
2023-11-24,56.09000015258789,56.470001220703125,55.80400085449219,56.43000030517578,56.43000030517578,2725621,SCHW
2023-11-24,406.239990234375,407.4599914550781,405.3450012207031,405.9200134277344,405.9200134277344,242736,CHTR
2023-11-24,144.3000030517578,145.94000244140625,144.18499755859375,144.89999389648438,144.89999389648438,3861030,CVX
2023-11-24,2205.0,2224.090087890625,2210.010009765625,2219.669921875,2219.669921875,67447,CMG
2023-11-24,227.39999389648438,228.9600067138672,226.4499969482422,227.0399932861328,227.0399932861328,782510,CB
2023-11-24,94.0199966430664,94.83999633789062,93.43000030517578,94.83000183105469,94.83000183105469,695689,CHD
2023-11-24,288.5,290.7799987792969,287.3299865722656,287.8500061035156,287.8500061035156,416247,CI
2023-11-24,102.25,102.69000244140625,101.87999725341797,102.68000030517578,102.68000030517578,178254,CINF
2023-11-24,550.9600219726562,556.0599975585938,548.5,554.9000244140625,554.9000244140625,114129,CTAS
2023-11-24,48.09000015258789,48.400001525878906,48.04999923706055,48.36000061035156,48.36000061035156,8209530,CSCO
2023-11-24,44.88999938964844,45.52000045776367,44.849998474121094,45.22999954223633,45.22999954223633,5940961,C
2023-11-24,26.68000030517578,26.96500015258789,26.459699630737305,26.8700008392334,26.8700008392334,1559046,CFG
2023-11-24,140.0,141.38499450683594,139.8249969482422,141.19000244140625,141.19000244140625,442390,CLX
2023-11-24,217.14999389648438,217.6199951171875,215.8800048828125,217.19000244140625,217.19000244140625,522185,CME
2023-11-24,57.290000915527344,57.59000015258789,56.959999084472656,57.59000015258789,57.59000015258789,858234,CMS
2023-11-24,58.459999084472656,58.74079895019531,58.334999084472656,58.56999969482422,58.56999969482422,4816024,KO
2023-11-24,70.93000030517578,71.49500274658203,70.93000030517578,71.16999816894531,71.16999816894531,1410696,CTSH
2023-11-24,77.4800033569336,77.4749984741211,77.0250015258789,77.30999755859375,77.30999755859375,1150389,CL
2023-11-24,42.54999923706055,42.72999954223633,42.400001525878906,42.58000183105469,42.58000183105469,5860002,CMCSA
2023-11-24,43.720001220703125,44.13999938964844,43.40999984741211,43.7599983215332,43.7599983215332,400445,CMA
2023-11-24,28.3799991607666,28.559999465942383,28.299999237060547,28.489999771118164,28.489999771118164,1286528,CAG
2023-11-24,114.88999938964844,116.5730972290039,114.5,115.48999786376953,115.48999786376953,2159208,COP
2023-11-24,90.66999816894531,91.0,90.08100128173828,90.95999908447266,90.95999908447266,504806,ED
2023-11-24,237.91000366210938,238.58050537109375,237.22999572753906,238.3699951171875,238.3699951171875,357508,STZ
2023-11-24,123.06999969482422,124.30000305175781,123.05999755859375,123.86000061035156,123.86000061035156,532492,CEG
2023-11-24,338.17999267578125,339.9100036621094,336.6050109863281,339.3399963378906,339.3399963378906,72130,COO
2023-11-24,50.72999954223633,50.91999816894531,50.54999923706055,50.810001373291016,50.810001373291016,1878316,CPRT
2023-11-24,28.190000534057617,28.304500579833984,28.059999465942383,28.200000762939453,28.200000762939453,976645,GLW
2023-11-24,46.20000076293945,47.29999923706055,46.470001220703125,46.66999816894531,46.66999816894531,1411366,CTVA
2023-11-24,83.7699966430664,84.80000305175781,83.54499816894531,84.77999877929688,84.77999877929688,576735,CSGP
2023-11-24,591.02001953125,594.1950073242188,590.4099731445312,591.3599853515625,591.3599853515625,645766,COST
2023-11-24,26.549999237060547,26.825000762939453,26.481000900268555,26.770000457763672,26.770000457763672,2172927,CTRA
2023-11-24,103.06999969482422,103.83499908447266,101.87999725341797,103.58000183105469,103.58000183105469,1193475,CCI
2023-11-24,32.540000915527344,32.63999938964844,32.3849983215332,32.63999938964844,32.63999938964844,7221878,CSX
2023-11-24,224.02000427246094,226.28750610351562,223.35000610351562,225.49000549316406,225.49000549316406,283919,CMI
2023-11-24,68.75,69.48500061035156,68.75,69.41999816894531,69.41999816894531,2215900,CVS
2023-11-24,126.77999877929688,127.6500015258789,126.66999816894531,127.4800033569336,127.4800033569336,669821,DHI
2023-11-24,220.97999572753906,222.3699951171875,220.58999633789062,221.41000366210938,221.41000366210938,1276492,DHR
2023-11-24,156.41000366210938,157.25,155.3699951171875,156.00999450683594,156.00999450683594,399398,DRI
2023-11-24,99.55999755859375,100.29000091552734,98.55999755859375,99.26000213623047,99.26000213623047,488684,DVA
2023-11-24,370.5199890136719,371.389892578125,366.8399963378906,370.19000244140625,370.19000244140625,1275270,DE
2023-11-24,36.15999984741211,36.33000183105469,35.94499969482422,36.099998474121094,36.099998474121094,4392637,DAL
2023-11-24,31.25,31.420000076293945,30.979999542236328,31.31999969482422,31.31999969482422,1294175,XRAY
2023-11-24,45.060001373291016,45.619998931884766,44.89870071411133,45.349998474121094,45.349998474121094,4050566,DVN
2023-11-24,110.80000305175781,113.80999755859375,110.44000244140625,112.94999694824219,112.94999694824219,1902075,DXCM
2023-11-24,154.49000549316406,156.25999450683594,154.42999267578125,154.6300048828125,154.6300048828125,549782,FANG
2023-11-24,136.02999877929688,137.0,135.4774932861328,136.5,136.5,585945,DLR
2023-11-24,86.7300033569336,87.08999633789062,86.31999969482422,86.7699966430664,86.7699966430664,314565,DFS
2023-11-24,94.9000015258789,96.51000213623047,94.98999786376953,96.05999755859375,96.05999755859375,5440468,DIS
2023-11-24,124.70999908447266,126.16999816894531,124.3499984741211,125.4800033569336,125.4800033569336,1042576,DG
2023-11-24,115.30000305175781,117.63999938964844,115.02999877929688,117.31999969482422,117.31999969482422,1039399,DLTR
2023-11-24,46.650001525878906,47.130001068115234,46.349998474121094,46.959999084472656,46.959999084472656,1650334,D
2023-11-24,368.7099914550781,371.1400146484375,367.6000061035156,370.32000732421875,370.32000732421875,216710,DPZ
2023-11-24,138.39999389648438,139.7100067138672,137.97999572753906,139.69000244140625,139.69000244140625,264933,DOV
2023-11-24,51.560001373291016,51.935001373291016,51.45000076293945,51.66999816894531,51.66999816894531,1679728,DOW
2023-11-24,104.76000213623047,105.93000030517578,104.6449966430664,105.37000274658203,105.37000274658203,1220332,DTE
2023-11-24,90.23999786376953,90.79000091552734,89.91500091552734,90.73999786376953,90.73999786376953,1472374,DUK
2023-11-24,71.16000366210938,71.7300033569336,71.02999877929688,71.5199966430664,71.5199966430664,725925,DD
2023-11-24,81.70999908447266,82.30999755859375,81.50499725341797,81.88999938964844,81.88999938964844,373698,EMN
2023-11-24,229.74000549316406,230.35000610351562,228.14999389648438,228.72000122070312,228.72000122070312,526207,ETN
2023-11-24,41.66999816894531,41.790000915527344,41.279998779296875,41.47999954223633,41.47999954223633,2606465,EBAY
2023-11-24,186.8699951171875,187.8300018310547,185.99749755859375,187.24000549316406,187.24000549316406,299436,ECL
2023-11-24,65.80000305175781,65.87999725341797,65.43000030517578,65.8499984741211,65.8499984741211,419238,EIX
2023-11-24,67.0,67.9000015258789,66.9800033569336,67.9000015258789,67.9000015258789,2053739,EW
2023-11-24,136.32000732421875,136.80999755859375,135.75999450683594,136.60000610351562,136.60000610351562,583933,EA
2023-11-24,479.7300109863281,481.9700012207031,477.8699951171875,478.7300109863281,478.7300109863281,309997,ELV
2023-11-24,598.3599853515625,603.5,596.9813232421875,601.0999755859375,601.0999755859375,1341674,LLY
2023-11-24,88.70999908447266,88.97000122070312,88.31999969482422,88.51000213623047,88.51000213623047,1248058,EMR
2023-11-24,99.8499984741211,101.0,97.56999969482422,100.22000122070312,100.22000122070312,1913447,ENPH
2023-11-24,101.2300033569336,101.45999908447266,100.50140380859375,101.0999984741211,101.0999984741211,372144,ETR
2023-11-24,122.95999908447266,124.16999816894531,122.56999969482422,123.5,123.5,1318147,EOG
2023-11-24,252.7899932861328,255.8000030517578,251.43089294433594,255.47000122070312,255.47000122070312,343815,EPAM
2023-11-24,39.95000076293945,41.095001220703125,39.97999954223633,40.849998474121094,40.849998474121094,1873406,EQT
2023-11-24,210.39999389648438,211.32000732421875,209.44000244140625,210.74000549316406,210.74000549316406,454159,EFX
2023-11-24,788.5499877929688,795.0,788.5499877929688,795.0,795.0,87767,EQIX
2023-11-24,56.34000015258789,56.849998474121094,56.290000915527344,56.83000183105469,56.83000183105469,798915,EQR
2023-11-24,212.92999267578125,214.74000549316406,212.86000061035156,214.72000122070312,214.72000122070312,76573,ESS
2023-11-24,123.58000183105469,124.83999633789062,122.86000061035156,123.91000366210938,123.91000366210938,927974,EL
2023-11-24,70.94000244140625,72.0199966430664,70.6500015258789,71.81999969482422,71.81999969482422,889021,ETSY
2023-11-24,410.6700134277344,417.9200134277344,411.5199890136719,414.25,414.25,143706,EG
2023-11-24,50.91999816894531,50.93000030517578,50.412498474121094,50.54999923706055,50.54999923706055,772832,EVRG
2023-11-24,59.40999984741211,59.61000061035156,58.95000076293945,59.2599983215332,59.2599983215332,946551,ES
2023-11-24,38.93000030517578,39.2400016784668,38.7400016784668,39.189998626708984,39.189998626708984,2523101,EXC
2023-11-24,136.02999877929688,137.16000366210938,134.82000732421875,136.4199981689453,136.4199981689453,723246,EXPE
2023-11-24,118.05999755859375,118.58000183105469,117.45999908447266,118.12999725341797,118.12999725341797,517455,EXPD
2023-11-24,126.29000091552734,127.56999969482422,125.31999969482422,127.12000274658203,127.12000274658203,282374,EXR
2023-11-24,104.0199966430664,105.46499633789062,103.91000366210938,104.56999969482422,104.56999969482422,9480768,XOM
2023-11-24,166.8300018310547,169.00999450683594,166.7899932861328,168.08999633789062,168.08999633789062,349614,FFIV
2023-11-24,458.6300048828125,462.05999755859375,454.94000244140625,460.1099853515625,460.1099853515625,95522,FDS
2023-11-24,1061.9599609375,1070.9599609375,1063.2099609375,1069.5400390625,1069.5400390625,36011,FICO
2023-11-24,60.95000076293945,61.16999816894531,60.825199127197266,60.959999084472656,60.959999084472656,895581,FAST
2023-11-24,91.97000122070312,92.54000091552734,91.4000015258789,92.11000061035156,92.11000061035156,856520,FRT
2023-11-24,257.2300109863281,259.1199951171875,256.4599914550781,257.6099853515625,257.6099853515625,452183,FDX
2023-11-24,27.270000457763672,27.415000915527344,27.05500030517578,27.25,27.25,1000828,FITB
2023-11-24,159.00999450683594,159.0399932861328,154.1699981689453,154.3800048828125,154.3800048828125,1111296,FSLR
2023-11-24,37.619998931884766,37.70000076293945,37.45000076293945,37.63999938964844,37.63999938964844,1091456,FE
2023-11-24,54.66999816894531,55.54999923706055,54.58000183105469,55.5,55.5,2094009,FIS
2023-11-24,125.5,126.23999786376953,125.4800033569336,125.80000305175781,125.80000305175781,1111237,FI
2023-11-24,233.6999969482422,234.6300048828125,233.63999938964844,234.00999450683594,234.00999450683594,110220,FLT
2023-11-24,53.33000183105469,53.88999938964844,52.88010025024414,53.09000015258789,53.09000015258789,497699,FMC
2023-11-24,10.279999732971191,10.529999732971191,10.289999961853027,10.399999618530273,10.399999618530273,22028062,F
2023-11-24,52.970001220703125,53.685001373291016,52.81999969482422,53.43000030517578,53.43000030517578,2847395,FTNT
2023-11-24,67.83000183105469,68.0,67.44999694824219,67.55000305175781,67.55000305175781,725934,FTV
2023-11-24,30.469999313354492,30.6299991607666,30.43000030517578,30.469999313354492,30.469999313354492,1442737,FOXA
2023-11-24,28.420000076293945,28.59000015258789,28.40999984741211,28.440000534057617,28.440000534057617,1046295,FOX
2023-11-24,23.920000076293945,23.969999313354492,23.760000228881836,23.81999969482422,23.81999969482422,1518494,BEN
2023-11-24,36.7400016784668,37.21500015258789,36.60499954223633,36.84000015258789,36.84000015258789,3536721,FCX
2023-11-24,120.27999877929688,121.26000213623047,120.38500213623047,121.02999877929688,121.02999877929688,254365,GRMN
2023-11-24,426.7799987792969,428.9649963378906,423.5299987792969,426.8500061035156,426.8500061035156,159863,IT
2023-11-24,73.81999969482422,73.81999969482422,73.39119720458984,73.70999908447266,73.70999908447266,558863,GEHC
2023-11-24,21.200000762939453,21.31999969482422,20.924999237060547,21.270000457763672,21.270000457763672,1841226,GEN
2023-11-24,111.55999755859375,113.3499984741211,111.2300033569336,112.80000305175781,112.80000305175781,437772,GNRC
2023-11-24,247.67999267578125,248.53500366210938,247.44000244140625,247.8300018310547,247.8300018310547,338962,GD
2023-11-24,119.9800033569336,120.34500122070312,119.68000030517578,119.97000122070312,119.97000122070312,1581783,GE
2023-11-24,65.01000213623047,65.19000244140625,64.62999725341797,65.18000030517578,65.18000030517578,1262496,GIS
2023-11-24,28.170000076293945,28.502500534057617,28.1200008392334,28.18000030517578,28.18000030517578,6941407,GM
2023-11-24,137.77000427246094,138.4075927734375,137.39999389648438,137.39999389648438,137.39999389648438,407735,GPC
2023-11-24,75.88999938964844,75.9800033569336,75.0250015258789,75.37999725341797,75.37999725341797,1931048,GILD
2023-11-24,120.55999755859375,122.12000274658203,120.3042984008789,121.33000183105469,121.33000183105469,249311,GL
2023-11-24,112.5,112.81999969482422,111.82499694824219,112.62999725341797,112.62999725341797,248856,GPN
2023-11-24,338.79998779296875,340.239990234375,337.6400146484375,339.1499938964844,339.1499938964844,460100,GS
2023-11-24,37.93000030517578,38.552398681640625,37.90999984741211,38.060001373291016,38.060001373291016,2266063,HAL
2023-11-24,78.0,78.66999816894531,77.68000030517578,78.1500015258789,78.1500015258789,470263,HIG
2023-11-24,45.790000915527344,46.20000076293945,45.540000915527344,46.150001525878906,46.150001525878906,482077,HAS
2023-11-24,253.6999969482422,254.1125030517578,251.3699951171875,252.17999267578125,252.17999267578125,435498,HCA
2023-11-24,16.530000686645508,16.729999542236328,16.43000030517578,16.649999618530273,16.649999618530273,1898850,PEAK
2023-11-24,69.0999984741211,69.80000305175781,69.05000305175781,69.66999816894531,69.66999816894531,227252,HSIC
2023-11-24,192.7100067138672,192.4250030517578,189.80999755859375,191.67999267578125,191.67999267578125,773399,HSY
2023-11-24,144.67999267578125,146.23500061035156,144.27999877929688,145.41000366210938,145.41000366210938,804199,HES
2023-11-24,15.850000381469727,15.914999961853027,15.744999885559082,15.829999923706055,15.829999923706055,3788786,HPE
2023-11-24,170.8300018310547,171.4550018310547,169.82000732421875,169.82000732421875,169.82000732421875,777489,HLT
2023-11-24,71.94000244140625,71.94000244140625,71.30999755859375,71.73999786376953,71.73999786376953,876597,HOLX
2023-11-24,309.17999267578125,311.3800048828125,308.30999755859375,310.70001220703125,310.70001220703125,1259937,HD
2023-11-24,193.1199951171875,193.7100067138672,192.41000366210938,193.41000366210938,193.41000366210938,1074506,HON
2023-11-24,32.70000076293945,32.904998779296875,32.625,32.720001220703125,32.720001220703125,1191350,HRL
2023-11-24,17.360000610351562,17.469999313354492,17.25,17.420000076293945,17.420000076293945,1743329,HST
2023-11-24,52.38999938964844,52.54999923706055,52.165000915527344,52.27000045776367,52.27000045776367,776291,HWM
2023-11-24,28.540000915527344,28.825000762939453,28.440000534057617,28.639999389648438,28.639999389648438,4762084,HPQ
2023-11-24,300.8699951171875,302.57501220703125,299.80499267578125,300.5299987792969,300.5299987792969,125624,HUBB
2023-11-24,519.0,520.7899780273438,514.614990234375,518.260009765625,518.260009765625,312001,HUM
2023-11-24,10.90999984741211,10.949999809265137,10.819999694824219,10.880000114440918,10.880000114440918,4313859,HBAN
2023-11-24,238.33999633789062,240.44000244140625,238.2100067138672,238.33999633789062,238.33999633789062,100100,HII
2023-11-24,155.1300048828125,155.38999938964844,153.9199981689453,155.17999267578125,155.17999267578125,1799161,IBM
2023-11-24,199.0,200.0,197.96499633789062,199.2100067138672,199.2100067138672,196572,IEX
2023-11-24,480.0,480.0,476.05999755859375,478.17999267578125,478.17999267578125,142078,IDXX
2023-11-24,240.80999755859375,241.85000610351562,240.25999450683594,241.85000610351562,241.85000610351562,284795,ITW
2023-11-24,97.0,98.81500244140625,96.21499633789062,98.33999633789062,98.33999633789062,1857669,ILMN
2023-11-24,53.58000183105469,53.779998779296875,53.20500183105469,53.7400016784668,53.7400016784668,430700,INCY
2023-11-24,70.83000183105469,71.33000183105469,70.68000030517578,71.33000183105469,71.33000183105469,674862,IR
2023-11-24,186.0,189.96490478515625,185.83999633789062,187.9499969482422,187.9499969482422,475596,PODD
2023-11-24,43.68000030517578,44.0,43.61000061035156,43.959999084472656,43.959999084472656,13037105,INTC
2023-11-24,114.45999908447266,114.76000213623047,113.7699966430664,114.38999938964844,114.38999938964844,809527,ICE
2023-11-24,74.76000213623047,75.37999725341797,74.66000366210938,74.7300033569336,74.7300033569336,603149,IFF
2023-11-24,33.0,33.20000076293945,32.83000183105469,32.93000030517578,32.93000030517578,1046836,IP
2023-11-24,30.549999237060547,30.649999618530273,30.295000076293945,30.6200008392334,30.6200008392334,1045312,IPG
2023-11-24,562.489990234375,564.9149780273438,560.0499877929688,564.0700073242188,564.0700073242188,607281,INTU
2023-11-24,316.95001220703125,318.260009765625,316.0,318.010009765625,318.010009765625,601268,ISRG
2023-11-24,13.770000457763672,13.824999809265137,13.670000076293945,13.8100004196167,13.8100004196167,1820928,IVZ
2023-11-24,33.25,33.38999938964844,33.119998931884766,33.36000061035156,33.36000061035156,691496,INVH
2023-11-24,209.47000122070312,212.02000427246094,208.14999389648438,212.00999450683594,212.00999450683594,427923,IQV
2023-11-24,63.29999923706055,63.435001373291016,62.70500183105469,63.209999084472656,63.209999084472656,385446,IRM
2023-11-24,180.88999938964844,183.39999389648438,180.88999938964844,183.0500030517578,183.0500030517578,230886,JBHT
2023-11-24,153.74000549316406,153.82000732421875,151.92999267578125,153.8000030517578,153.8000030517578,249290,JKHY
2023-11-24,124.5199966430664,124.16999816894531,122.93499755859375,123.37000274658203,123.37000274658203,529796,J
2023-11-24,150.86000061035156,152.6793975830078,151.22999572753906,152.5,152.5,3351448,JNJ
2023-11-24,52.7400016784668,52.959999084472656,52.33000183105469,52.400001525878906,52.400001525878906,1485362,JCI
2023-11-24,153.58999633789062,154.42999267578125,153.27999877929688,153.5399932861328,153.5399932861328,3496941,JPM
2023-11-24,27.1200008392334,27.334999084472656,27.040000915527344,27.329999923706055,27.329999923706055,918914,JNPR
2023-11-24,53.0,53.5099983215332,53.0099983215332,53.470001220703125,53.470001220703125,913706,K
2023-11-24,20.1200008392334,20.4950008392334,20.1200008392334,20.25,20.25,12663678,KVUE
2023-11-24,32.369998931884766,32.73500061035156,32.369998931884766,32.619998931884766,32.619998931884766,3426127,KDP
2023-11-24,12.039999961853027,12.149999618530273,11.925000190734863,12.039999961853027,12.039999961853027,4513943,KEY
2023-11-24,135.60000610351562,136.25999450683594,134.85000610351562,136.0399932861328,136.0399932861328,512215,KEYS
2023-11-24,122.44999694824219,122.69999694824219,121.71099853515625,122.43000030517578,122.43000030517578,666536,KMB
2023-11-24,18.760000228881836,18.829999923706055,18.625,18.709999084472656,18.709999084472656,1114498,KIM
2023-11-24,17.299999237060547,17.459999084472656,17.280000686645508,17.350000381469727,17.350000381469727,5988130,KMI
2023-11-24,552.469970703125,557.2158203125,551.469970703125,555.6400146484375,555.6400146484375,306466,KLAC
2023-11-24,34.79999923706055,35.029998779296875,34.720001220703125,34.939998626708984,34.939998626708984,3984128,KHC
2023-11-24,43.9900016784668,44.252498626708984,43.70000076293945,44.18000030517578,44.18000030517578,2414391,KR
2023-11-24,188.41000366210938,191.00999450683594,188.0500030517578,191.00999450683594,191.00999450683594,482322,LHX
2023-11-24,212.11000061035156,212.7899932861328,210.61000061035156,212.72000122070312,212.72000122070312,221423,LH
2023-11-24,716.47998046875,722.1300048828125,715.0,717.5,717.5,300597,LRCX
2023-11-24,98.9000015258789,99.2699966430664,98.5199966430664,99.20999908447266,99.20999908447266,390192,LW
2023-11-24,49.22999954223633,49.22999954223633,48.744998931884766,48.91999816894531,48.91999816894531,2280321,LVS
2023-11-24,106.72000122070312,107.25,106.52999877929688,106.76000213623047,106.76000213623047,237220,LDOS
2023-11-24,127.2699966430664,128.00999450683594,126.7699966430664,127.62999725341797,127.62999725341797,426926,LEN
2023-11-24,412.6700134277344,416.193115234375,411.8699951171875,414.2200012207031,414.2200012207031,711306,LIN
2023-11-24,87.91000366210938,88.05999755859375,87.38999938964844,87.62999725341797,87.62999725341797,336832,LYV
2023-11-24,45.58000183105469,45.88999938964844,45.529998779296875,45.84000015258789,45.84000015258789,461709,LKQ
2023-11-24,451.69000244140625,452.5050048828125,449.739990234375,452.010009765625,452.010009765625,326644,LMT
2023-11-24,68.56999969482422,69.36900329589844,68.63999938964844,69.30000305175781,69.30000305175781,563840,L
2023-11-24,198.0,199.41000366210938,196.2301025390625,199.07000732421875,199.07000732421875,1322235,LOW
2023-11-24,428.29998779296875,432.2699890136719,426.35009765625,431.760009765625,431.760009765625,401723,LULU
2023-11-24,93.94999694824219,94.76499938964844,93.82489776611328,94.12999725341797,94.12999725341797,821610,LYB
2023-11-24,125.05000305175781,126.05999755859375,124.33999633789062,125.62000274658203,125.62000274658203,277760,MTB
2023-11-24,25.239999771118164,25.584999084472656,25.229999542236328,25.350000381469727,25.350000381469727,4542211,MRO
2023-11-24,149.7899932861328,151.50999450683594,149.36500549316406,149.5,149.5,1264258,MPC
2023-11-24,232.69000244140625,233.61000061035156,230.57000732421875,231.39999389648438,231.39999389648438,108306,MKTX
2023-11-24,209.69000244140625,210.42999267578125,208.6510009765625,208.92999267578125,208.92999267578125,710232,MAR
2023-11-24,201.35000610351562,201.9600067138672,200.76499938964844,200.92999267578125,200.92999267578125,697751,MMC
2023-11-24,461.8299865722656,463.6199951171875,461.19000244140625,462.0,462.0,107295,MLM
2023-11-24,59.0099983215332,59.435001373291016,58.88999938964844,59.189998626708984,59.189998626708984,377629,MAS
2023-11-24,412.489990234375,412.9700012207031,410.5299987792969,412.5,412.5,1053479,MA
2023-11-24,31.8799991607666,32.15999984741211,31.700000762939453,32.029998779296875,32.029998779296875,2253410,MTCH
2023-11-24,65.81999969482422,66.97000122070312,65.95999908447266,66.44000244140625,66.44000244140625,553489,MKC
2023-11-24,282.0,282.5899963378906,281.05938720703125,282.5400085449219,282.5400085449219,1217950,MCD
2023-11-24,460.0,462.2699890136719,458.3399963378906,461.3699951171875,461.3699951171875,219544,MCK
2023-11-24,78.23999786376953,79.03500366210938,78.2300033569336,78.97000122070312,78.97000122070312,3310917,MDT
2023-11-24,102.26000213623047,102.51360321044922,101.44000244140625,101.87000274658203,101.87000274658203,3167952,MRK
2023-11-24,340.1300048828125,341.8555908203125,336.7699890136719,338.2300109863281,338.2300109863281,5467488,META
2023-11-24,63.189998626708984,63.959999084472656,63.15999984741211,63.54999923706055,63.54999923706055,1614377,MET
2023-11-24,1079.0,1093.510009765625,1073.8199462890625,1093.510009765625,1093.510009765625,91728,MTD
2023-11-24,39.959999084472656,40.35499954223633,39.84000015258789,40.220001220703125,40.220001220703125,1362292,MGM
2023-11-24,82.47000122070312,83.30999755859375,82.18000030517578,83.26000213623047,83.26000213623047,1608607,MCHP
2023-11-24,76.68000030517578,77.00550079345703,76.37000274658203,76.87000274658203,76.87000274658203,4349574,MU
2023-11-24,377.3299865722656,377.9700012207031,375.135009765625,377.42999267578125,377.42999267578125,10176649,MSFT
2023-11-24,122.12999725341797,122.80500030517578,121.37999725341797,122.66999816894531,122.66999816894531,247141,MAA
2023-11-24,78.66000366210938,81.12000274658203,77.7699966430664,78.5199966430664,78.5199966430664,2152974,MRNA
2023-11-24,83.72000122070312,84.06999969482422,83.24500274658203,84.0199966430664,84.0199966430664,299014,MHK
2023-11-24,363.8399963378906,368.2250061035156,364.8500061035156,367.6199951171875,367.6199951171875,100676,MOH
2023-11-24,59.95000076293945,60.25,59.880001068115234,59.9900016784668,59.9900016784668,425096,TAP
2023-11-24,71.63999938964844,71.875,71.44000244140625,71.62000274658203,71.62000274658203,2067664,MDLZ
2023-11-24,544.3699951171875,550.030029296875,544.3699951171875,549.4400024414062,549.4400024414062,134834,MPWR
2023-11-24,55.11000061035156,55.400001525878906,55.01499938964844,55.16999816894531,55.16999816894531,1871755,MNST
2023-11-24,364.9599914550781,364.5,361.22210693359375,362.3800048828125,362.3800048828125,425144,MCO
2023-11-24,78.26000213623047,78.91000366210938,78.04499816894531,78.6500015258789,78.6500015258789,2398033,MS
2023-11-24,36.11000061035156,36.93989944458008,36.16999816894531,36.40999984741211,36.40999984741211,1381897,MOS
2023-11-24,320.0,320.8699951171875,318.0050048828125,320.8399963378906,320.8399963378906,275908,MSI
2023-11-24,522.8699951171875,528.3499755859375,522.1099853515625,528.3499755859375,528.3499755859375,103778,MSCI
2023-11-24,55.15999984741211,55.39500045776367,55.0099983215332,55.29999923706055,55.29999923706055,879711,NDAQ
2023-11-24,77.98999786376953,78.3550033569336,77.7300033569336,78.33999633789062,78.33999633789062,466024,NTAP
2023-11-24,477.1099853515625,480.3999938964844,475.20001220703125,479.55999755859375,479.55999755859375,1404732,NFLX
2023-11-24,37.689998626708984,37.86000061035156,37.529998779296875,37.59000015258789,37.59000015258789,5579987,NEM
2023-11-24,22.010000228881836,22.079999923706055,21.850000381469727,22.010000228881836,22.010000228881836,1165071,NWSA
2023-11-24,22.90999984741211,22.989999771118164,22.739999771118164,22.940000534057617,22.940000534057617,515014,NWS
2023-11-24,57.13999938964844,57.60499954223633,56.93000030517578,57.54999923706055,57.54999923706055,4629432,NEE
2023-11-24,107.5,107.98999786376953,107.4000015258789,107.63999938964844,107.63999938964844,2443610,NKE
2023-11-24,26.200000762939453,26.200000762939453,25.99139976501465,26.100000381469727,26.100000381469727,2349672,NI
2023-11-24,232.58999633789062,235.2100067138672,232.58999633789062,235.2100067138672,235.2100067138672,62064,NDSN
2023-11-24,214.2100067138672,216.11000061035156,213.39999389648438,215.86000061035156,215.86000061035156,606047,NSC
2023-11-24,75.55000305175781,76.6697006225586,75.55000305175781,76.36000061035156,76.36000061035156,468361,NTRS
2023-11-24,471.5,473.6099853515625,470.6400146484375,471.5199890136719,471.5199890136719,191235,NOC
2023-11-24,14.350000381469727,14.449999809265137,14.154999732971191,14.369999885559082,14.369999885559082,4595235,NCLH
2023-11-24,45.72999954223633,45.88999938964844,45.29999923706055,45.88999938964844,45.88999938964844,1164212,NRG
2023-11-24,157.5800018310547,157.98989868164062,155.72000122070312,157.16000366210938,157.16000366210938,435064,NUE
2023-11-24,484.7001037597656,489.2099914550781,477.4501037597656,477.760009765625,477.760009765625,29464464,NVDA
2023-11-24,6196.009765625,6240.0,6143.22998046875,6195.06005859375,6195.06005859375,6712,NVR
2023-11-24,199.02999877929688,200.77499389648438,198.47999572753906,200.1199951171875,200.1199951171875,834982,NXPI
2023-11-24,992.5999755859375,992.5999755859375,984.760009765625,987.1599731445312,987.1599731445312,97609,ORLY
2023-11-24,60.0,60.84000015258789,59.93000030517578,60.15999984741211,60.15999984741211,4449192,OXY
2023-11-24,404.94000244140625,406.4599914550781,402.8699951171875,404.32000732421875,404.32000732421875,149471,ODFL
2023-11-24,79.69000244140625,80.08999633789062,79.13500213623047,80.08999633789062,80.08999633789062,387468,OMC
2023-11-24,68.63999938964844,69.44999694824219,68.62999725341797,69.27999877929688,69.27999877929688,1718017,ON
2023-11-24,66.7300033569336,67.38999938964844,66.63500213623047,67.31999969482422,67.31999969482422,1054711,OKE
2023-11-24,116.48999786376953,116.58999633789062,115.3427963256836,116.25,116.25,2168187,ORCL
2023-11-24,84.37999725341797,85.25,84.30000305175781,85.04000091552734,85.04000091552734,788800,OTIS
2023-11-24,91.12000274658203,92.01000213623047,91.12000274658203,92.0,92.0,654244,PCAR
2023-11-24,155.35000610351562,156.41000366210938,154.63499450683594,155.1300048828125,155.1300048828125,166552,PKG
2023-11-24,262.9700012207031,266.4100036621094,262.75,266.0799865722656,266.0799865722656,1615163,PANW
2023-11-24,14.199999809265137,14.300000190734863,14.114999771118164,14.210000038146973,14.210000038146973,3299734,PARA
2023-11-24,432.260009765625,435.1700134277344,430.04998779296875,433.6700134277344,433.6700134277344,221694,PH
2023-11-24,119.30999755859375,119.31500244140625,118.2300033569336,118.5,118.5,548152,PAYX
2023-11-24,177.14999389648438,179.0399932861328,176.35000610351562,178.49000549316406,178.49000549316406,501809,PAYC
2023-11-24,56.0,56.130001068115234,55.55009841918945,55.7599983215332,55.7599983215332,6846559,PYPL
2023-11-24,62.630001068115234,63.220001220703125,62.650001525878906,63.220001220703125,63.220001220703125,335401,PNR
2023-11-24,168.9499969482422,170.0,168.9499969482422,169.3699951171875,169.3699951171875,1751667,PEP
2023-11-24,30.3799991607666,30.700000762939453,30.389999389648438,30.5,30.5,11129739,PFE
2023-11-24,17.979999542236328,18.020000457763672,17.915000915527344,18.020000457763672,18.020000457763672,6954402,PCG
2023-11-24,94.0,94.41000366210938,93.9000015258789,94.33999633789062,94.33999633789062,2080086,PM
2023-11-24,118.30000305175781,120.04000091552734,118.0,118.62999725341797,118.62999725341797,1173601,PSX
2023-11-24,73.58000183105469,73.9800033569336,72.91999816894531,73.26000213623047,73.26000213623047,559474,PNW
2023-11-24,236.0,239.5,235.91000366210938,237.69000244140625,237.69000244140625,689692,PXD
2023-11-24,127.69999694824219,129.2100067138672,127.15499877929688,128.6999969482422,128.6999969482422,640824,PNC
2023-11-24,354.30999755859375,356.1400146484375,353.17999267578125,354.75,354.75,62569,POOL
2023-11-24,136.8300018310547,137.1199951171875,135.8350067138672,136.4499969482422,136.4499969482422,355933,PPG
2023-11-24,26.139999389648438,26.31999969482422,26.079999923706055,26.309999465942383,26.309999465942383,1951228,PPL
2023-11-24,72.41000366210938,72.88999938964844,72.16000366210938,72.6500015258789,72.6500015258789,402149,PFG
2023-11-24,151.17999267578125,151.72000122070312,151.02999877929688,151.3800048828125,151.3800048828125,2132494,PG
2023-11-24,163.13999938964844,164.10000610351562,163.22000122070312,163.72000122070312,163.72000122070312,680013,PGR
2023-11-24,111.87999725341797,112.02999877929688,110.79000091552734,112.0,112.0,1284521,PLD
2023-11-24,95.19999694824219,96.31999969482422,95.11000061035156,95.73999786376953,95.73999786376953,657560,PRU
2023-11-24,64.87999725341797,65.18499755859375,64.56999969482422,65.08999633789062,65.08999633789062,1199725,PEG
2023-11-24,154.1999969482422,155.07000732421875,153.11000061035156,154.9199981689453,154.9199981689453,301895,PTC
2023-11-24,252.9199981689453,255.25,251.49000549316406,255.02999877929688,255.02999877929688,297762,PSA
2023-11-24,87.23999786376953,88.16999816894531,87.23999786376953,88.0999984741211,88.0999984741211,613288,PHM
2023-11-24,93.27999877929688,93.70999908447266,93.18000030517578,93.38999938964844,93.38999938964844,390410,QRVO
2023-11-24,183.64999389648438,184.28500366210938,182.0,182.5800018310547,182.5800018310547,329322,PWR
2023-11-24,128.22999572753906,128.22999572753906,127.57009887695312,127.75,127.75,3708239,QCOM
2023-11-24,135.88999938964844,135.75,134.83999633789062,135.5399932861328,135.5399932861328,379400,DGX
2023-11-24,123.0199966430664,124.55999755859375,122.87999725341797,124.54000091552734,124.54000091552734,290387,RL
2023-11-24,105.0,105.96499633789062,104.75499725341797,105.47000122070312,105.47000122070312,236173,RJF
2023-11-24,79.81999969482422,80.08000183105469,79.42500305175781,79.9800033569336,79.9800033569336,2346264,RTX
2023-11-24,53.2599983215332,53.96780014038086,53.11000061035156,53.90999984741211,53.90999984741211,2454243,O
2023-11-24,61.099998474121094,61.470001220703125,61.02750015258789,61.31999969482422,61.31999969482422,257099,REG
2023-11-24,803.97998046875,803.97998046875,795.02001953125,798.2999877929688,798.2999877929688,171558,REGN
2023-11-24,16.09000015258789,16.139999389648438,15.960000038146973,16.049999237060547,16.049999237060547,2510387,RF
2023-11-24,159.9199981689453,160.41000366210938,159.22500610351562,160.39999389648438,160.39999389648438,371743,RSG
2023-11-24,152.63999938964844,154.07000732421875,152.5449981689453,153.8800048828125,153.8800048828125,301301,RMD
2023-11-24,89.19000244140625,90.08999633789062,88.79000091552734,90.08999633789062,90.08999633789062,149198,RVTY
2023-11-24,81.54000091552734,81.72000122070312,81.22000122070312,81.26000213623047,81.26000213623047,208309,RHI
2023-11-24,272.29998779296875,274.0899963378906,272.0299987792969,273.0,273.0,315465,ROK
2023-11-24,39.86000061035156,40.2599983215332,39.619998931884766,40.130001068115234,40.130001068115234,781868,ROL
2023-11-24,527.27001953125,528.6069946289062,524.7000122070312,525.5900268554688,525.5900268554688,280762,ROP
2023-11-24,130.61000061035156,131.99000549316406,130.4199981689453,131.08999633789062,131.08999633789062,856239,ROST
2023-11-24,104.2699966430664,105.01499938964844,103.60639953613281,104.44999694824219,104.44999694824219,969657,RCL
2023-11-24,416.0199890136719,415.8999938964844,412.760009765625,415.1000061035156,415.1000061035156,404177,SPGI
2023-11-24,224.36000061035156,224.49000549316406,222.1199951171875,224.3800048828125,224.3800048828125,1869111,CRM
2023-11-24,232.25,235.63999938964844,230.35499572753906,235.08999633789062,235.08999633789062,184901,SBAC
2023-11-24,52.7400016784668,53.09000015258789,52.5,52.599998474121094,52.599998474121094,3077628,SLB
2023-11-24,75.63999938964844,76.44000244140625,75.63999938964844,76.08000183105469,76.08000183105469,647464,STX
2023-11-24,33.119998931884766,33.749000549316406,32.93000030517578,33.540000915527344,33.540000915527344,698487,SEE
2023-11-24,72.9800033569336,73.77999877929688,72.77999877929688,73.66999816894531,73.66999816894531,1835240,SRE
2023-11-24,670.530029296875,674.469970703125,669.1699829101562,673.9000244140625,673.9000244140625,450013,NOW
2023-11-24,275.1099853515625,276.80999755859375,275.0,275.8299865722656,275.8299865722656,364936,SHW
2023-11-24,121.19999694824219,121.49500274658203,119.9800033569336,120.83999633789062,120.83999633789062,767578,SPG
2023-11-24,94.33999633789062,95.08499908447266,94.1500015258789,94.9000015258789,94.9000015258789,807930,SWKS
2023-11-24,113.3499984741211,113.93499755859375,112.97000122070312,113.2699966430664,113.2699966430664,462019,SJM
2023-11-24,275.04998779296875,276.3699951171875,274.6700134277344,275.1400146484375,275.1400146484375,149504,SNA
2023-11-24,78.73999786376953,79.08000183105469,77.54000091552734,78.08000183105469,78.08000183105469,875034,SEDG
2023-11-24,69.68000030517578,69.81390380859375,69.30999755859375,69.61000061035156,69.61000061035156,1119288,SO
2023-11-24,24.81999969482422,24.940000534057617,24.655000686645508,24.8700008392334,24.8700008392334,2240306,LUV
2023-11-24,89.62999725341797,91.62999725341797,89.3550033569336,91.41000366210938,91.41000366210938,643750,SWK
2023-11-24,103.44000244140625,103.5999984741211,102.46499633789062,102.77999877929688,102.77999877929688,3206415,SBUX
2023-11-24,69.8499984741211,70.52999877929688,69.69999694824219,70.37999725341797,70.37999725341797,797721,STT
2023-11-24,112.58999633789062,112.97000122070312,111.13999938964844,111.5,111.5,410908,STLD
2023-11-24,202.47999572753906,203.8249969482422,200.83999633789062,203.19000244140625,203.19000244140625,135995,STE
2023-11-24,294.5899963378906,295.156005859375,293.125,293.6400146484375,293.6400146484375,382499,SYK
2023-11-24,29.780000686645508,29.93000030517578,29.63089942932129,29.829999923706055,29.829999923706055,1313017,SYF
2023-11-24,538.4299926757812,543.4152221679688,538.0,542.6900024414062,542.6900024414062,243318,SNPS
2023-11-24,72.16999816894531,72.37999725341797,71.91999816894531,72.1500015258789,72.1500015258789,1023862,SYY
2023-11-24,148.8800048828125,149.40499877929688,148.3000030517578,148.97999572753906,148.97999572753906,1341448,TMUS
2023-11-24,97.73999786376953,98.27999877929688,97.41999816894531,98.27999877929688,98.27999877929688,660188,TROW
2023-11-24,156.39500427246094,156.5399932861328,155.44000244140625,156.32000732421875,156.32000732421875,539167,TTWO
2023-11-24,30.479999542236328,30.579999923706055,30.295000076293945,30.579999923706055,30.579999923706055,1702013,TPR
2023-11-24,87.55000305175781,88.43499755859375,86.80000305175781,87.83999633789062,87.83999633789062,617083,TRGP
2023-11-24,130.5,131.4600067138672,129.76010131835938,131.4600067138672,131.4600067138672,1863112,TGT
2023-11-24,131.22000122070312,131.52499389648438,130.77999877929688,131.05999755859375,131.05999755859375,573882,TEL
2023-11-24,394.3399963378906,399.760009765625,392.7300109863281,399.5799865722656,399.5799865722656,126082,TDY
2023-11-24,218.3300018310547,220.5299072265625,217.5305938720703,219.9499969482422,219.9499969482422,76041,TFX
2023-11-24,92.37999725341797,92.80999755859375,92.1500015258789,92.48999786376953,92.48999786376953,472339,TER
2023-11-24,233.75,238.75,232.3300018310547,235.4499969482422,235.4499969482422,65125203,TSLA
2023-11-24,154.32000732421875,154.42520141601562,153.16000366210938,153.58999633789062,153.58999633789062,1604823,TXN
2023-11-24,78.19999694824219,78.44999694824219,78.0199966430664,78.38999938964844,78.38999938964844,304676,TXT
2023-11-24,488.5,491.02899169921875,486.80999755859375,490.7799987792969,490.7799987792969,722765,TMO
2023-11-24,90.36000061035156,90.60250091552734,89.55000305175781,89.97000122070312,89.97000122070312,2066364,TJX
2023-11-24,198.66000366210938,199.88499450683594,197.52999877929688,198.19000244140625,198.19000244140625,569263,TSCO
2023-11-24,226.52000427246094,228.57000732421875,225.88490295410156,228.55999755859375,228.55999755859375,232739,TT
2023-11-24,967.8900146484375,976.0900268554688,962.5900268554688,970.72998046875,970.72998046875,42996,TDG
2023-11-24,176.7100067138672,178.57000732421875,175.7899932861328,177.5399932861328,177.5399932861328,416678,TRV
2023-11-24,43.599998474121094,44.21620178222656,43.51499938964844,44.13999938964844,44.13999938964844,425290,TRMB
2023-11-24,31.510000228881836,31.809999465942383,31.290000915527344,31.780000686645508,31.780000686645508,2586866,TFC
2023-11-24,412.0799865722656,413.4100036621094,409.2300109863281,410.1199951171875,410.1199951171875,52421,TYL
2023-11-24,47.529998779296875,48.63999938964844,47.540199279785156,48.29999923706055,48.29999923706055,1687621,TSN
2023-11-24,36.79999923706055,37.3650016784668,36.66999816894531,37.20000076293945,37.20000076293945,2796765,USB
2023-11-24,33.09000015258789,33.35499954223633,32.87099838256836,33.349998474121094,33.349998474121094,720693,UDR
2023-11-24,411.94000244140625,417.9800109863281,411.94000244140625,414.7200012207031,414.7200012207031,395864,ULTA
2023-11-24,223.32000732421875,224.99000549316406,223.1300048828125,224.27999877929688,224.27999877929688,1045594,UNP
2023-11-24,40.06999969482422,40.279998779296875,39.5099983215332,39.709999084472656,39.709999084472656,3151263,UAL
2023-11-24,151.1699981689453,152.0399932861328,150.75010681152344,152.02999877929688,152.02999877929688,1644358,UPS
2023-11-24,464.3999938964844,469.2699890136719,462.0249938964844,467.30999755859375,467.30999755859375,220704,URI
2023-11-24,544.9299926757812,547.5900268554688,542.8099975585938,547.0999755859375,547.0999755859375,1134977,UNH
2023-11-24,138.6699981689453,139.60000610351562,138.1699981689453,138.72000122070312,138.72000122070312,152021,UHS
2023-11-24,125.94999694824219,127.19999694824219,124.58000183105469,124.95999908447266,124.95999908447266,1204878,VLO
2023-11-24,44.540000915527344,45.369998931884766,44.279998779296875,45.11000061035156,45.11000061035156,722846,VTR
2023-11-24,72.66000366210938,74.12999725341797,72.2300033569336,74.01000213623047,74.01000213623047,823414,VLTO
2023-11-24,214.32000732421875,215.1999969482422,212.85000610351562,213.22999572753906,213.22999572753906,218685,VRSN
2023-11-24,240.3000030517578,241.69000244140625,239.50999450683594,239.5399932861328,239.5399932861328,300583,VRSK
2023-11-24,37.45000076293945,37.56999969482422,37.29999923706055,37.40999984741211,37.40999984741211,6766657,VZ
2023-11-24,354.95001220703125,355.4100036621094,350.44000244140625,353.0400085449219,353.0400085449219,658708,VRTX
2023-11-24,16.6299991607666,16.75,16.40060043334961,16.59000015258789,16.59000015258789,2675636,VFC
2023-11-24,9.390000343322754,9.449999809265137,9.329999923706055,9.430000305175781,9.430000305175781,3071415,VTRS
2023-11-24,28.649999618530273,28.719999313354492,28.450000762939453,28.65999984741211,28.65999984741211,1617177,VICI
2023-11-24,254.19000244140625,254.6623992919922,253.5,254.3000030517578,254.3000030517578,1640931,V
2023-11-24,211.9600067138672,212.41000366210938,210.71749877929688,211.67999267578125,211.67999267578125,172521,VMC
2023-11-24,116.37000274658203,117.62999725341797,116.19999694824219,117.05999755859375,117.05999755859375,281105,WAB
2023-11-24,20.780000686645508,20.979999542236328,20.579999923706055,20.850000381469727,20.850000381469727,4317299,WBA
2023-11-24,155.14999389648438,156.1300048828125,154.6999969482422,156.05999755859375,156.05999755859375,4658390,WMT
2023-11-24,10.619999885559082,10.949999809265137,10.609999656677246,10.850000381469727,10.850000381469727,6786104,WBD
2023-11-24,172.82000732421875,172.5395050048828,171.1925048828125,172.00999450683594,172.00999450683594,550614,WM
2023-11-24,276.2799987792969,280.8699951171875,275.010009765625,280.3900146484375,280.3900146484375,264140,WAT
2023-11-24,81.62999725341797,81.72000122070312,80.95999908447266,81.5999984741211,81.5999984741211,692021,WEC
2023-11-24,42.79999923706055,43.109798431396484,42.72999954223633,42.91999816894531,42.91999816894531,5287200,WFC
2023-11-24,88.66999816894531,89.70999908447266,88.0999984741211,89.62000274658203,89.62000274658203,920030,WELL
2023-11-24,352.1499938964844,354.3500061035156,350.29998779296875,353.260009765625,353.260009765625,114787,WST
2023-11-24,46.560001373291016,46.790000915527344,46.06999969482422,46.599998474121094,46.599998474121094,2262093,WDC
2023-11-24,37.68000030517578,38.05500030517578,37.53499984741211,37.689998626708984,37.689998626708984,2938224,WRK
2023-11-24,31.969999313354492,31.989999771118164,31.760000228881836,31.940000534057617,31.940000534057617,967932,WY
2023-11-24,108.62000274658203,109.18000030517578,107.4800033569336,109.18000030517578,109.18000030517578,412124,WHR
2023-11-24,36.2400016784668,36.4900016784668,36.029998779296875,36.31999969482422,36.31999969482422,2022474,WMB
2023-11-24,244.14999389648438,245.7899932861328,244.11000061035156,244.27999877929688,244.27999877929688,243455,WTW
2023-11-24,811.8599853515625,813.8599853515625,806.5499877929688,812.2999877929688,812.2999877929688,87985,GWW
2023-11-24,87.27999877929688,88.32499694824219,86.88500213623047,88.30999755859375,88.30999755859375,1008059,WYNN
2023-11-24,60.56999969482422,60.59000015258789,60.040000915527344,60.52000045776367,60.52000045776367,1357714,XEL
2023-11-24,102.83999633789062,103.6500015258789,102.9000015258789,103.26000213623047,103.26000213623047,797395,XYL
2023-11-24,128.8800048828125,129.0800018310547,127.84500122070312,128.50999450683594,128.50999450683594,555556,YUM
2023-11-24,225.8300018310547,229.64999389648438,225.8300018310547,228.9199981689453,228.9199981689453,195194,ZBRA
2023-11-24,113.80000305175781,114.0999984741211,113.23999786376953,113.43000030517578,113.43000030517578,605490,ZBH
2023-11-24,34.59000015258789,34.779998779296875,34.130001068115234,34.349998474121094,34.349998474121094,583972,ZION
2023-11-24,180.1699981689453,181.38499450683594,179.3800048828125,180.2100067138672,180.2100067138672,635174,ZTS
